Filename,Predicted Class
01-MFCC.csv,3
02-MFCC.csv,4
03-MFCC.csv,5
04-MFCC.csv,4
05-MFCC.csv,2
06-MFCC.csv,3
07-MFCC.csv,2
08-MFCC.csv,5
09-MFCC.csv,2
10-MFCC.csv,1
100-MFCC.csv,1
101-MFCC.csv,2
102-MFCC.csv,1
103-MFCC.csv,5
104-MFCC.csv,1
105-MFCC.csv,1
106-MFCC.csv,1
107-MFCC.csv,4
108-MFCC.csv,4
109-MFCC.csv,1
11-MFCC.csv,1
110-MFCC.csv,1
111-MFCC.csv,2
112-MFCC.csv,1
113-MFCC.csv,1
114-MFCC.csv,5
115-MFCC.csv,1
116-MFCC.csv,4
12-MFCC.csv,3
13-MFCC.csv,1
14-MFCC.csv,4
15-MFCC.csv,1
16-MFCC.csv,4
17-MFCC.csv,4
18-MFCC.csv,2
19-MFCC.csv,3
20-MFCC.csv,5
21-MFCC.csv,4
22-MFCC.csv,1
23-MFCC.csv,1
24-MFCC.csv,2
25-MFCC.csv,1
26-MFCC.csv,1
27-MFCC.csv,6
28-MFCC.csv,2
29-MFCC.csv,2
30-MFCC.csv,3
31-MFCC.csv,4
32-MFCC.csv,1
33-MFCC.csv,1
34-MFCC.csv,1
35-MFCC.csv,3
36-MFCC.csv,2
37-MFCC.csv,4
38-MFCC.csv,1
39-MFCC.csv,1
40-MFCC.csv,1
41-MFCC.csv,1
42-MFCC.csv,1
43-MFCC.csv,3
44-MFCC.csv,5
45-MFCC.csv,5
46-MFCC.csv,2
47-MFCC.csv,3
48-MFCC.csv,2
49-MFCC.csv,3
50-MFCC.csv,2
51-MFCC.csv,2
52-MFCC.csv,3
53-MFCC.csv,5
54-MFCC.csv,5
55-MFCC.csv,4
56-MFCC.csv,1
57-MFCC.csv,4
58-MFCC.csv,4
59-MFCC.csv,2
60-MFCC.csv,1
61-MFCC.csv,5
62-MFCC.csv,1
63-MFCC.csv,2
64-MFCC.csv,3
65-MFCC.csv,1
66-MFCC.csv,2
67-MFCC.csv,4
68-MFCC.csv,1
69-MFCC.csv,5
70-MFCC.csv,3
71-MFCC.csv,3
72-MFCC.csv,1
73-MFCC.csv,3
74-MFCC.csv,5
75-MFCC.csv,4
76-MFCC.csv,3
77-MFCC.csv,1
78-MFCC.csv,5
79-MFCC.csv,1
80-MFCC.csv,1
81-MFCC.csv,4
82-MFCC.csv,1
83-MFCC.csv,2
84-MFCC.csv,2
85-MFCC.csv,1
86-MFCC.csv,5
87-MFCC.csv,4
88-MFCC.csv,4
89-MFCC.csv,3
90-MFCC.csv,4
91-MFCC.csv,1
92-MFCC.csv,4
93-MFCC.csv,2
94-MFCC.csv,1
95-MFCC.csv,3
96-MFCC.csv,1
97-MFCC.csv,2
98-MFCC.csv,4
99-MFCC.csv,1
ab1-MFCC.csv,1
lata1-MFCC.csv,3
lata2-MFCC.csv,4
mj-MFCC.csv,5
mj1-MFCC.csv,5
